WELL,DATE,TIME,OIL_RATE,WATER_RATE,LIQUID_RATE,WATER_CUT,WELL_TYPE,COMPLETION_LENGTH,RESERVOIR_PRESSURE,SKIN_FACTOR,INITIAL_RATE,DECLINE_RATE,B_FACTOR
Well_00,2015-01-01,0,392.8675062838414,56.558009293092226,449.42551557693366,0.12584512301329384,Vertical,800.0529478414999,4686.038267459508,5.997556570322029,414.95481070093314,0.03363036269202965,1.052098887782463
Well_00,2015-01-31,1,307.72139774506786,52.90167862495371,360.6230763700216,0.14669521195774315,Vertical,800.0529478414999,4686.038267459508,5.997556570322029,414.95481070093314,0.03363036269202965,1.052098887782463
Well_00,2015-03-02,2,271.40746168892895,54.625248539114935,326.03271022804387,0.16754530090219247,Vertical,800.0529478414999,4686.038267459508,5.997556570322029,414.95481070093314,0.03363036269202965,1.052098887782463
Well_00,2015-04-01,3,243.70178864816216,56.5697790578333,300.2715677059955,0.18839538984664178,Vertical,800.0529478414999,4686.038267459508,5.997556570322029,414.95481070093314,0.03363036269202965,1.052098887782463
Well_00,2015-05-01,4,304.91126414438946,80.68408304153598,385.59534718592545,0.20924547879109112,Vertical,800.0529478414999,4686.038267459508,5.997556570322029,414.95481070093314,0.03363036269202965,1.052098887782463
Well_00,2015-05-31,5,278.6927362110317,83.29080944973896,361.98354566077063,0.23009556773554046,Vertical,800.0529478414999,4686.038267459508,5.997556570322029,414.95481070093314,0.03363036269202965,1.052098887782463
Well_00,2015-06-30,6,246.4485799443533,82.56437104132142,329.0129509856747,0.25094565667998975,Vertical,800.0529478414999,4686.038267459508,5.997556570322029,414.95481070093314,0.03363036269202965,1.052098887782463
Well_00,2015-07-30,7,201.43063131837496,75.18218728030628,276.61281859868126,0.2717957456244391,Vertical,800.0529478414999,4686.038267459508,5.997556570322029,414.95481070093314,0.03363036269202965,1.052098887782463
Well_00,2015-08-29,8,215.61688364785348,89.20479435335163,304.8216780012051,0.2926458345688884,Vertical,800.0529478414999,4686.038267459508,5.997556570322029,414.95481070093314,0.03363036269202965,1.052098887782463
Well_00,2015-09-28,9,219.13202598016352,100.06786442925768,319.1998904094212,0.3134959235133377,Vertical,800.0529478414999,4686.038267459508,5.997556570322029,414.95481070093314,0.03363036269202965,1.052098887782463
Well_00,2015-10-28,10,223.5376853316646,112.27895441690866,335.81663974857327,0.33434601245778706,Vertical,800.0529478414999,4686.038267459508,5.997556570322029,414.95481070093314,0.03363036269202965,1.052098887782463
Well_00,2015-11-27,11,195.4395252133232,107.65964282573468,303.0991680390579,0.35519610140223634,Vertical,800.0529478414999,4686.038267459508,5.997556570322029,414.95481070093314,0.03363036269202965,1.052098887782463
Well_00,2015-12-27,12,189.62045796240403,114.28097677322535,303.9014347356294,0.3760461903466856,Vertical,800.0529478414999,4686.038267459508,5.997556570322029,414.95481070093314,0.03363036269202965,1.052098887782463
Well_00,2016-01-26,13,168.08775689264365,110.6168027394537,278.70455963209736,0.396896279291135,Vertical,800.0529478414999,4686.038267459508,5.997556570322029,414.95481070093314,0.03363036269202965,1.052098887782463
Well_00,2016-02-25,14,193.65610143219595,138.94139709324168,332.59749852543763,0.4177463682355843,Vertical,800.0529478414999,4686.038267459508,5.997556570322029,414.95481070093314,0.03363036269202965,1.052098887782463
Well_00,2016-03-26,15,139.60225808628368,109.0642490487666,248.66650713505027,0.4385964571800336,Vertical,800.0529478414999,4686.038267459508,5.997556570322029,414.95481070093314,0.03363036269202965,1.052098887782463
Well_00,2016-04-25,16,136.2011002046399,115.76491578904452,251.96601599368444,0.4594465461244829,Vertical,800.0529478414999,4686.038267459508,5.997556570322029,414.95481070093314,0.03363036269202965,1.052098887782463
Well_00,2016-05-25,17,131.04778246666038,121.11102832734375,252.15881079400413,0.4802966350689323,Vertical,800.0529478414999,4686.038267459508,5.997556570322029,414.95481070093314,0.03363036269202965,1.052098887782463
Well_00,2016-06-24,18,136.61727183237707,137.24536154850864,273.8626333808857,0.5011467240133816,Vertical,800.0529478414999,4686.038267459508,5.997556570322029,414.95481070093314,0.03363036269202965,1.052098887782463
Well_00,2016-07-24,19,109.0302859592196,119.06502577685264,228.09531173607223,0.521996812957831,Vertical,800.0529478414999,4686.038267459508,5.997556570322029,414.95481070093314,0.03363036269202965,1.052098887782463
Well_00,2016-08-23,20,115.61827127382861,137.29103144102334,252.90930271485195,0.5428469019022802,Vertical,800.0529478414999,4686.038267459508,5.997556570322029,414.95481070093314,0.03363036269202965,1.052098887782463
Well_00,2016-09-22,21,108.5266609747314,140.21482991103665,248.74149088576803,0.5636969908467295,Vertical,800.0529478414999,4686.038267459508,5.997556570322029,414.95481070093314,0.03363036269202965,1.052098887782463
Well_00,2016-10-22,22,92.81483716448646,130.59155294545548,223.40639010994192,0.5845470797911789,Vertical,800.0529478414999,4686.038267459508,5.997556570322029,414.95481070093314,0.03363036269202965,1.052098887782463
Well_00,2016-11-21,23,96.04547110959221,147.35235450115377,243.397825610746,0.6053971687356281,Vertical,800.0529478414999,4686.038267459508,5.997556570322029,414.95481070093314,0.03363036269202965,1.052098887782463
Well_00,2016-12-21,24,77.74849830637683,130.2727133208175,208.02121162719433,0.6262472576800775,Vertical,800.0529478414999,4686.038267459508,5.997556570322029,414.95481070093314,0.03363036269202965,1.052098887782463
Well_00,2017-01-20,25,71.22452329701255,130.6003216446681,201.82484494168065,0.6470973466245268,Vertical,800.0529478414999,4686.038267459508,5.997556570322029,414.95481070093314,0.03363036269202965,1.052098887782463
Well_00,2017-02-19,26,74.86031282678638,150.5868628487289,225.4471756755153,0.6679474355689762,Vertical,800.0529478414999,4686.038267459508,5.997556570322029,414.95481070093314,0.03363036269202965,1.052098887782463
Well_00,2017-03-21,27,56.940883740116206,126.02965224642246,182.97053598653866,0.6887975245134255,Vertical,800.0529478414999,4686.038267459508,5.997556570322029,414.95481070093314,0.03363036269202965,1.052098887782463
Well_00,2017-04-20,28,49.19059456405838,120.2262824586544,169.41687702271278,0.7096476134578749,Vertical,800.0529478414999,4686.038267459508,5.997556570322029,414.95481070093314,0.03363036269202965,1.052098887782463
Well_00,2017-05-20,29,60.205320530134095,163.1891405442241,223.3944610743582,0.7304977024023241,Vertical,800.0529478414999,4686.038267459508,5.997556570322029,414.95481070093314,0.03363036269202965,1.052098887782463
Well_00,2017-06-19,30,57.31850134977219,173.1982580235953,230.51675937336748,0.7513477913467734,Vertical,800.0529478414999,4686.038267459508,5.997556570322029,414.95481070093314,0.03363036269202965,1.052098887782463
Well_00,2017-07-19,31,44.58124391279692,151.1203762906924,195.7016202034893,0.7721978802912228,Vertical,800.0529478414999,4686.038267459508,5.997556570322029,414.95481070093314,0.03363036269202965,1.052098887782463
Well_00,2017-08-18,32,39.0202179111503,149.52694331765437,188.54716122880467,0.793047969235672,Vertical,800.0529478414999,4686.038267459508,5.997556570322029,414.95481070093314,0.03363036269202965,1.052098887782463
Well_00,2017-09-17,33,40.73962320178086,178.17062998198912,218.91025318376998,0.8138980581801214,Vertical,800.0529478414999,4686.038267459508,5.997556570322029,414.95481070093314,0.03363036269202965,1.052098887782463
Well_00,2017-10-17,34,28.6602398248684,144.77345744491745,173.43369726978585,0.8347481471245707,Vertical,800.0529478414999,4686.038267459508,5.997556570322029,414.95481070093314,0.03363036269202965,1.052098887782463
Well_00,2017-11-16,35,24.060844721153092,142.56346834924344,166.62431307039654,0.8555982360690201,Vertical,800.0529478414999,4686.038267459508,5.997556570322029,414.95481070093314,0.03363036269202965,1.052098887782463
Well_01,2015-01-01,0,953.3094777455909,142.2918967939658,1095.6013745395567,0.12987560996239728,Horizontal,294.87912890882063,3178.1922298142485,4.6404542769972625,1003.1324725515401,0.03775452271747571,1.4294083855840773
Well_01,2015-01-31,1,870.2271959592211,143.36089125494493,1013.5880872141661,0.14143900570987422,Horizontal,294.87912890882063,3178.1922298142485,4.6404542769972625,1003.1324725515401,0.03775452271747571,1.4294083855840773
Well_01,2015-03-02,2,824.0827993295709,148.86305169467596,972.9458510242468,0.15300240145735114,Horizontal,294.87912890882063,3178.1922298142485,4.6404542769972625,1003.1324725515401,0.03775452271747571,1.4294083855840773
Well_01,2015-04-01,3,800.3235643332976,157.64962093443248,957.9731852677301,0.16456579720482808,Horizontal,294.87912890882063,3178.1922298142485,4.6404542769972625,1003.1324725515401,0.03775452271747571,1.4294083855840773
Well_01,2015-05-01,4,869.0702514843908,185.79204494612122,1054.862296430512,0.176129192952305,Horizontal,294.87912890882063,3178.1922298142485,4.6404542769972625,1003.1324725515401,0.03775452271747571,1.4294083855840773
Well_01,2015-05-31,5,611.4749657297652,141.28803658115692,752.7630023109222,0.18769258869978195,Horizontal,294.87912890882063,3178.1922298142485,4.6404542769972625,1003.1324725515401,0.03775452271747571,1.4294083855840773
Well_01,2015-06-30,6,691.39083874928,172.04469785229384,863.4355366015739,0.1992559844472589,Horizontal,294.87912890882063,3178.1922298142485,4.6404542769972625,1003.1324725515401,0.03775452271747571,1.4294083855840773
Well_01,2015-07-30,7,574.0495236325322,153.3498944806279,727.3994181131601,0.21081938019473584,Horizontal,294.87912890882063,3178.1922298142485,4.6404542769972625,1003.1324725515401,0.03775452271747571,1.4294083855840773
Well_01,2015-08-29,8,640.5660816687673,183.1889251019736,823.7550067707409,0.22238277594221273,Horizontal,294.87912890882063,3178.1922298142485,4.6404542769972625,1003.1324725515401,0.03775452271747571,1.4294083855840773
Well_01,2015-09-28,9,529.0357151599121,161.56290285993313,690.5986180198453,0.23394617168968967,Horizontal,294.87912890882063,3178.1922298142485,4.6404542769972625,1003.1324725515401,0.03775452271747571,1.4294083855840773
Well_01,2015-10-28,10,536.2596064349426,174.49772499123597,710.7573314261786,0.24550956743716662,Horizontal,294.87912890882063,3178.1922298142485,4.6404542769972625,1003.1324725515401,0.03775452271747571,1.4294083855840773
Well_01,2015-11-27,11,522.0440041139759,180.64142560436972,702.6854297183456,0.25707296318464357,Horizontal,294.87912890882063,3178.1922298142485,4.6404542769972625,1003.1324725515401,0.03775452271747571,1.4294083855840773
Well_01,2015-12-27,12,567.8337635657072,208.57038299071868,776.4041465564259,0.26863635893212046,Horizontal,294.87912890882063,3178.1922298142485,4.6404542769972625,1003.1324725515401,0.03775452271747571,1.4294083855840773
Well_01,2016-01-26,13,543.5404470519742,211.58634067234738,755.1267877243215,0.28019975467959746,Horizontal,294.87912890882063,3178.1922298142485,4.6404542769972625,1003.1324725515401,0.03775452271747571,1.4294083855840773
Well_01,2016-02-25,14,419.5379743961603,172.8316186985031,592.3695930946634,0.29176315042707435,Horizontal,294.87912890882063,3178.1922298142485,4.6404542769972625,1003.1324725515401,0.03775452271747571,1.4294083855840773
Well_01,2016-03-26,15,464.0677875150577,202.051733713793,666.1195212288508,0.3033265461745513,Horizontal,294.87912890882063,3178.1922298142485,4.6404542769972625,1003.1324725515401,0.03775452271747571,1.4294083855840773
Well_01,2016-04-25,16,413.08529563503765,189.86205678585583,602.9473524208935,0.31488994192202824,Horizontal,294.87912890882063,3178.1922298142485,4.6404542769972625,1003.1324725515401,0.03775452271747571,1.4294083855840773
Well_01,2016-05-25,17,374.56179513212976,181.54191093647864,556.1037060686084,0.32645333766950513,Horizontal,294.87912890882063,3178.1922298142485,4.6404542769972625,1003.1324725515401,0.03775452271747571,1.4294083855840773
Well_01,2016-06-24,18,404.0686789996548,206.3223979309604,610.3910769306152,0.33801673341698213,Horizontal,294.87912890882063,3178.1922298142485,4.6404542769972625,1003.1324725515401,0.03775452271747571,1.4294083855840773
Well_01,2016-07-24,19,385.93754300945824,207.42923484386284,593.3667778533211,0.349580129164459,Horizontal,294.87912890882063,3178.1922298142485,4.6404542769972625,1003.1324725515401,0.03775452271747571,1.4294083855840773
Well_01,2016-08-23,20,477.2011807671218,269.7603033461,746.9614841132218,0.361143524911936,Horizontal,294.87912890882063,3178.1922298142485,4.6404542769972625,1003.1324725515401,0.03775452271747571,1.4294083855840773
Well_01,2016-09-22,21,386.3980631429618,229.57886354200167,615.9769266849635,0.3727069206594129,Horizontal,294.87912890882063,3178.1922298142485,4.6404542769972625,1003.1324725515401,0.03775452271747571,1.4294083855840773
Well_01,2016-10-22,22,308.02351592622546,192.23418503232577,500.25770095855125,0.38427031640688986,Horizontal,294.87912890882063,3178.1922298142485,4.6404542769972625,1003.1324725515401,0.03775452271747571,1.4294083855840773
Well_01,2016-11-21,23,325.1396224869905,213.02284872005055,538.1624712070411,0.39583371215436675,Horizontal,294.87912890882063,3178.1922298142485,4.6404542769972625,1003.1324725515401,0.03775452271747571,1.4294083855840773
Well_01,2016-12-21,24,366.38002568765734,251.8755221218725,618.2555478095298,0.4073971079018437,Horizontal,294.87912890882063,3178.1922298142485,4.6404542769972625,1003.1324725515401,0.03775452271747571,1.4294083855840773
Well_01,2017-01-20,25,387.6562248324723,279.52083846049715,667.1770632929695,0.41896050364932064,Horizontal,294.87912890882063,3178.1922298142485,4.6404542769972625,1003.1324725515401,0.03775452271747571,1.4294083855840773
Well_01,2017-02-19,26,260.28481891363504,196.77530817147925,457.0601270851143,0.4305238993967976,Horizontal,294.87912890882063,3178.1922298142485,4.6404542769972625,1003.1324725515401,0.03775452271747571,1.4294083855840773
Well_01,2017-03-21,27,242.2974099099461,191.9952810453593,434.2926909553054,0.44208729514427453,Horizontal,294.87912890882063,3178.1922298142485,4.6404542769972625,1003.1324725515401,0.03775452271747571,1.4294083855840773
Well_01,2017-04-20,28,341.6472720174679,283.6802726903394,625.3275447078073,0.4536506908917515,Horizontal,294.87912890882063,3178.1922298142485,4.6404542769972625,1003.1324725515401,0.03775452271747571,1.4294083855840773
Well_01,2017-05-20,29,288.3635443827737,250.84950737956947,539.2130517623432,0.4652140866392284,Horizontal,294.87912890882063,3178.1922298142485,4.6404542769972625,1003.1324725515401,0.03775452271747571,1.4294083855840773
Well_01,2017-06-19,30,244.3843276082263,222.69099767211037,467.07532528033664,0.4767774823867053,Horizontal,294.87912890882063,3178.1922298142485,4.6404542769972625,1003.1324725515401,0.03775452271747571,1.4294083855840773
Well_01,2017-07-19,31,271.79277963495133,259.4061534434445,531.1989330783958,0.48834087813418225,Horizontal,294.87912890882063,3178.1922298142485,4.6404542769972625,1003.1324725515401,0.03775452271747571,1.4294083855840773
Well_01,2017-08-18,32,183.12457080393236,183.0544650085001,366.17903581243246,0.49990427388165914,Horizontal,294.87912890882063,3178.1922298142485,4.6404542769972625,1003.1324725515401,0.03775452271747571,1.4294083855840773
Well_01,2017-09-17,33,239.69037531136746,250.94322334812995,490.6335986594974,0.511467669629136,Horizontal,294.87912890882063,3178.1922298142485,4.6404542769972625,1003.1324725515401,0.03775452271747571,1.4294083855840773
Well_01,2017-10-17,34,238.380021284051,261.4010000360797,499.7810213201307,0.523031065376613,Horizontal,294.87912890882063,3178.1922298142485,4.6404542769972625,1003.1324725515401,0.03775452271747571,1.4294083855840773
Well_01,2017-11-16,35,242.80939840168202,278.9063486608422,521.7157470625242,0.53459446112409,Horizontal,294.87912890882063,3178.1922298142485,4.6404542769972625,1003.1324725515401,0.03775452271747571,1.4294083855840773
Well_02,2015-01-01,0,1055.662445257727,120.66545792726856,1176.3279031849956,0.10257808014292429,Horizontal,322.6874207924435,3011.6197266972563,-0.2858964222280176,1192.073647024369,0.038250084553446105,1.195929686594013
Well_02,2015-01-31,1,1030.9975747559347,137.61173549616532,1168.6093102521,0.11775683651406028,Horizontal,322.6874207924435,3011.6197266972563,-0.2858964222280176,1192.073647024369,0.038250084553446105,1.195929686594013
Well_02,2015-03-02,2,702.7337060483512,107.74092568832636,810.4746317366776,0.1329355928851963,Horizontal,322.6874207924435,3011.6197266972563,-0.2858964222280176,1192.073647024369,0.038250084553446105,1.195929686594013
Well_02,2015-04-01,3,935.6512712301354,162.67838183227164,1098.329653062407,0.1481143492563323,Horizontal,322.6874207924435,3011.6197266972563,-0.2858964222280176,1192.073647024369,0.038250084553446105,1.195929686594013
Well_02,2015-05-01,4,862.7130946045685,168.3685188098154,1031.0816134143838,0.1632931056274683,Horizontal,322.6874207924435,3011.6197266972563,-0.2858964222280176,1192.073647024369,0.038250084553446105,1.195929686594013
Well_02,2015-05-31,5,761.3149976667058,165.39093296498777,926.7059306316936,0.1784718619986043,Horizontal,322.6874207924435,3011.6197266972563,-0.2858964222280176,1192.073647024369,0.038250084553446105,1.195929686594013
Well_02,2015-06-30,6,943.995791639153,226.70739626508123,1170.7031879042343,0.1936506183697403,Horizontal,322.6874207924435,3011.6197266972563,-0.2858964222280176,1192.073647024369,0.038250084553446105,1.195929686594013
Well_02,2015-07-30,7,819.3041628588012,216.25521801490507,1035.5593808737062,0.20882937474087632,Horizontal,322.6874207924435,3011.6197266972563,-0.2858964222280176,1192.073647024369,0.038250084553446105,1.195929686594013
Well_02,2015-08-29,8,634.5676248205527,183.182728324128,817.7503531446807,0.2240081311120123,Horizontal,322.6874207924435,3011.6197266972563,-0.2858964222280176,1192.073647024369,0.038250084553446105,1.195929686594013
Well_02,2015-09-28,9,736.7662813079037,231.62696689808675,968.3932482059904,0.2391868874831483,Horizontal,322.6874207924435,3011.6197266972563,-0.2858964222280176,1192.073647024369,0.038250084553446105,1.195929686594013
Well_02,2015-10-28,10,729.4213916648191,248.8347544646275,978.2561461294466,0.2543656438542843,Horizontal,322.6874207924435,3011.6197266972563,-0.2858964222280176,1192.073647024369,0.038250084553446105,1.195929686594013
Well_02,2015-11-27,11,627.4508718448162,231.53476949799648,858.9856413428126,0.2695444002254203,Horizontal,322.6874207924435,3011.6197266972563,-0.2858964222280176,1192.073647024369,0.038250084553446105,1.195929686594013
Well_02,2015-12-27,12,612.7706643057927,243.91953887497263,856.6902031807654,0.2847231565965563,Horizontal,322.6874207924435,3011.6197266972563,-0.2858964222280176,1192.073647024369,0.038250084553446105,1.195929686594013
Well_02,2016-01-26,13,584.0421906014066,250.18690017806097,834.2290907794675,0.2999019129676923,Horizontal,322.6874207924435,3011.6197266972563,-0.2858964222280176,1192.073647024369,0.038250084553446105,1.195929686594013
Well_02,2016-02-25,14,427.1785105653728,196.51320237402624,623.691712939399,0.31508066933882833,Horizontal,322.6874207924435,3011.6197266972563,-0.2858964222280176,1192.073647024369,0.038250084553446105,1.195929686594013
Well_02,2016-03-26,15,506.16263523122433,249.59661642795194,755.7592516591762,0.3302594257099643,Horizontal,322.6874207924435,3011.6197266972563,-0.2858964222280176,1192.073647024369,0.038250084553446105,1.195929686594013
Well_02,2016-04-25,16,481.1762813946691,253.9357710078236,735.1120524024927,0.3454381820811003,Horizontal,322.6874207924435,3011.6197266972563,-0.2858964222280176,1192.073647024369,0.038250084553446105,1.195929686594013
Well_02,2016-05-25,17,538.5195844852398,303.7291657109849,842.2487501962246,0.3606169384522363,Horizontal,322.6874207924435,3011.6197266972563,-0.2858964222280176,1192.073647024369,0.038250084553446105,1.195929686594013
Well_02,2016-06-24,18,465.31327103837117,280.1370041030411,745.4502751414122,0.37579569482337233,Horizontal,322.6874207924435,3011.6197266972563,-0.2858964222280176,1192.073647024369,0.038250084553446105,1.195929686594013
Well_02,2016-07-24,19,417.5206023657025,268.034549112924,685.5551514786265,0.39097445119450835,Horizontal,322.6874207924435,3011.6197266972563,-0.2858964222280176,1192.073647024369,0.038250084553446105,1.195929686594013
Well_02,2016-08-23,20,407.4984320543388,278.7028529334622,686.201284987801,0.4061532075656443,Horizontal,322.6874207924435,3011.6197266972563,-0.2858964222280176,1192.073647024369,0.038250084553446105,1.195929686594013
Well_02,2016-09-22,21,433.0666627769241,315.31865624493287,748.385319021857,0.42133196393678035,Horizontal,322.6874207924435,3011.6197266972563,-0.2858964222280176,1192.073647024369,0.038250084553446105,1.195929686594013
Well_02,2016-10-22,22,368.32335291201343,285.3241363770147,653.6474892890282,0.4365107203079164,Horizontal,322.6874207924435,3011.6197266972563,-0.2858964222280176,1192.073647024369,0.038250084553446105,1.195929686594013
Well_02,2016-11-21,23,333.30526644876005,274.5715702568951,607.8768367056551,0.4516894766790523,Horizontal,322.6874207924435,3011.6197266972563,-0.2858964222280176,1192.073647024369,0.038250084553446105,1.195929686594013
Well_02,2016-12-21,24,332.60989468300204,291.2694449143203,623.8793395973223,0.4668682330501883,Horizontal,322.6874207924435,3011.6197266972563,-0.2858964222280176,1192.073647024369,0.038250084553446105,1.195929686594013
Well_02,2017-01-20,25,357.0625808180339,332.3099559283223,689.3725367463562,0.48204698942132435,Horizontal,322.6874207924435,3011.6197266972563,-0.2858964222280176,1192.073647024369,0.038250084553446105,1.195929686594013
Well_02,2017-02-19,26,326.6967210640471,323.09136639277455,649.7880874568216,0.4972257457924603,Horizontal,322.6874207924435,3011.6197266972563,-0.2858964222280176,1192.073647024369,0.038250084553446105,1.195929686594013
Well_02,2017-03-21,27,297.9955129370701,313.1576134953083,611.1531264323784,0.5124045021635963,Horizontal,322.6874207924435,3011.6197266972563,-0.2858964222280176,1192.073647024369,0.038250084553446105,1.195929686594013
Well_02,2017-04-20,28,288.0312441135709,321.666124400934,609.6973685145049,0.5275832585347323,Horizontal,322.6874207924435,3011.6197266972563,-0.2858964222280176,1192.073647024369,0.038250084553446105,1.195929686594013
Well_02,2017-05-20,29,253.97418284339116,301.4787565949309,555.4529394383221,0.5427620149058683,Horizontal,322.6874207924435,3011.6197266972563,-0.2858964222280176,1192.073647024369,0.038250084553446105,1.195929686594013
Well_02,2017-06-19,30,250.93851295673255,316.719612135768,567.6581250925005,0.5579407712770044,Horizontal,322.6874207924435,3011.6197266972563,-0.2858964222280176,1192.073647024369,0.038250084553446105,1.195929686594013
Well_02,2017-07-19,31,227.06833132817295,304.85651891658136,531.9248502447543,0.5731195276481403,Horizontal,322.6874207924435,3011.6197266972563,-0.2858964222280176,1192.073647024369,0.038250084553446105,1.195929686594013
Well_02,2017-08-18,32,224.09878539342176,320.2243900871349,544.3231754805566,0.5882982840192763,Horizontal,322.6874207924435,3011.6197266972563,-0.2858964222280176,1192.073647024369,0.038250084553446105,1.195929686594013
Well_02,2017-09-17,33,248.47853923605516,378.16497084140536,626.6435100774605,0.6034770403904123,Horizontal,322.6874207924435,3011.6197266972563,-0.2858964222280176,1192.073647024369,0.038250084553446105,1.195929686594013
Well_02,2017-10-17,34,185.0958852853215,300.28158659821565,485.37747188353717,0.6186557967615482,Horizontal,322.6874207924435,3011.6197266972563,-0.2858964222280176,1192.073647024369,0.038250084553446105,1.195929686594013
Well_02,2017-11-16,35,182.74883648439544,316.33931628337956,499.088152767775,0.6338345531326843,Horizontal,322.6874207924435,3011.6197266972563,-0.2858964222280176,1192.073647024369,0.038250084553446105,1.195929686594013
Well_03,2015-01-01,0,354.5520430393802,31.769918828945674,386.32196186832584,0.08223689555545938,Vertical,802.190978910869,3392.715559217675,6.672853026865656,362.6917938886432,0.041262969656874635,0.8033454727507429
Well_03,2015-01-31,1,278.221747983859,30.420382982431107,308.6421309662901,0.09856199115523091,Vertical,802.190978910869,3392.715559217675,6.672853026865656,362.6917938886432,0.041262969656874635,0.8033454727507429
Well_03,2015-03-02,2,290.3981507805248,37.69349316111449,328.0916439416393,0.11488708675500245,Vertical,802.190978910869,3392.715559217675,6.672853026865656,362.6917938886432,0.041262969656874635,0.8033454727507429
Well_03,2015-04-01,3,279.84365163985956,42.26451557449147,322.10816721435106,0.131212182354774,Vertical,802.190978910869,3392.715559217675,6.672853026865656,362.6917938886432,0.041262969656874635,0.8033454727507429
Well_03,2015-05-01,4,280.6457118502038,48.571865168066545,329.21757701827033,0.14753727795454552,Vertical,802.190978910869,3392.715559217675,6.672853026865656,362.6917938886432,0.041262969656874635,0.8033454727507429
Well_03,2015-05-31,5,267.30431243368565,52.38505924303586,319.6893716767215,0.1638623735543171,Vertical,802.190978910869,3392.715559217675,6.672853026865656,362.6917938886432,0.041262969656874635,0.8033454727507429
Well_03,2015-06-30,6,219.8224853474275,48.31501813840838,268.13750348583585,0.18018746915408862,Vertical,802.190978910869,3392.715559217675,6.672853026865656,362.6917938886432,0.041262969656874635,0.8033454727507429
Well_03,2015-07-30,7,226.59719357834794,55.41990294156502,282.01709651991297,0.19651256475386014,Vertical,802.190978910869,3392.715559217675,6.672853026865656,362.6917938886432,0.041262969656874635,0.8033454727507429
Well_03,2015-08-29,8,222.771180480008,60.2342038732217,283.0053843532297,0.2128376603536317,Vertical,802.190978910869,3392.715559217675,6.672853026865656,362.6917938886432,0.041262969656874635,0.8033454727507429
Well_03,2015-09-28,9,231.41054595361683,68.79620682184736,300.2067527754642,0.22916275595340324,Vertical,802.190978910869,3392.715559217675,6.672853026865656,362.6917938886432,0.041262969656874635,0.8033454727507429
Well_03,2015-10-28,10,205.1151940667198,66.73621944458357,271.85141351130335,0.2454878515531748,Vertical,802.190978910869,3392.715559217675,6.672853026865656,362.6917938886432,0.041262969656874635,0.8033454727507429
Well_03,2015-11-27,11,196.1646610657776,69.5737589040743,265.7384199698519,0.26181294715294634,Vertical,802.190978910869,3392.715559217675,6.672853026865656,362.6917938886432,0.041262969656874635,0.8033454727507429
Well_03,2015-12-27,12,174.01048268502828,67.04735522707405,241.05783791210234,0.27813804275271786,Vertical,802.190978910869,3392.715559217675,6.672853026865656,362.6917938886432,0.041262969656874635,0.8033454727507429
Well_03,2016-01-26,13,186.91659193062532,78.01158133895176,264.9281732695771,0.2944631383524894,Vertical,802.190978910869,3392.715559217675,6.672853026865656,362.6917938886432,0.041262969656874635,0.8033454727507429
Well_03,2016-02-25,14,161.89665378480288,73.0045213840333,234.90117516883618,0.31078823395226096,Vertical,802.190978910869,3392.715559217675,6.672853026865656,362.6917938886432,0.041262969656874635,0.8033454727507429
Well_03,2016-03-26,15,134.95137399637557,65.6044995603603,200.55587355673586,0.3271133295520325,Vertical,802.190978910869,3392.715559217675,6.672853026865656,362.6917938886432,0.041262969656874635,0.8033454727507429
Well_03,2016-04-25,16,159.8862620102111,83.63432788598942,243.52058989620053,0.343438425151804,Vertical,802.190978910869,3392.715559217675,6.672853026865656,362.6917938886432,0.041262969656874635,0.8033454727507429
Well_03,2016-05-25,17,142.41536184205464,80.02644904825337,222.441810890308,0.3597635207515756,Vertical,802.190978910869,3392.715559217675,6.672853026865656,362.6917938886432,0.041262969656874635,0.8033454727507429
Well_03,2016-06-24,18,120.78655196073069,72.80913346236133,193.59568542309202,0.3760886163513471,Vertical,802.190978910869,3392.715559217675,6.672853026865656,362.6917938886432,0.041262969656874635,0.8033454727507429
Well_03,2016-07-24,19,114.21825625252282,73.76863301600815,187.98688926853097,0.3924137119511186,Vertical,802.190978910869,3392.715559217675,6.672853026865656,362.6917938886432,0.041262969656874635,0.8033454727507429
Well_03,2016-08-23,20,117.23431181943037,81.04406889726245,198.27838071669282,0.4087388075508902,Vertical,802.190978910869,3392.715559217675,6.672853026865656,362.6917938886432,0.041262969656874635,0.8033454727507429
Well_03,2016-09-22,21,113.03057595502675,83.5661877104252,196.59676366545193,0.4250639031506617,Vertical,802.190978910869,3392.715559217675,6.672853026865656,362.6917938886432,0.041262969656874635,0.8033454727507429
Well_03,2016-10-22,22,104.48242967387014,82.55726241982579,187.03969209369592,0.4413889987504333,Vertical,802.190978910869,3392.715559217675,6.672853026865656,362.6917938886432,0.041262969656874635,0.8033454727507429
Well_03,2016-11-21,23,100.16734090001634,84.54581475537655,184.71315565539288,0.45771409435020477,Vertical,802.190978910869,3392.715559217675,6.672853026865656,362.6917938886432,0.041262969656874635,0.8033454727507429
Well_03,2016-12-21,24,107.70803748372056,97.07535212562418,204.78338960934474,0.47403918994997635,Vertical,802.190978910869,3392.715559217675,6.672853026865656,362.6917938886432,0.041262969656874635,0.8033454727507429
Well_03,2017-01-20,25,96.53596640969992,92.88554325398995,189.42150966368987,0.49036428554974787,Vertical,802.190978910869,3392.715559217675,6.672853026865656,362.6917938886432,0.041262969656874635,0.8033454727507429
Well_03,2017-02-19,26,84.1068215252651,86.38782892692265,170.49465045218776,0.5066893811495194,Vertical,802.190978910869,3392.715559217675,6.672853026865656,362.6917938886432,0.041262969656874635,0.8033454727507429
Well_03,2017-03-21,27,85.41689234847047,93.65959568903835,179.07648803750882,0.523014476749291,Vertical,802.190978910869,3392.715559217675,6.672853026865656,362.6917938886432,0.041262969656874635,0.8033454727507429
Well_03,2017-04-20,28,66.1676238011569,77.46881603494509,143.636439836102,0.5393395723490625,Vertical,802.190978910869,3392.715559217675,6.672853026865656,362.6917938886432,0.041262969656874635,0.8033454727507429
Well_03,2017-05-20,29,72.4497689635623,90.60224094326993,163.05200990683224,0.5556646679488341,Vertical,802.190978910869,3392.715559217675,6.672853026865656,362.6917938886432,0.041262969656874635,0.8033454727507429
Well_03,2017-06-19,30,77.62424129054249,103.7364708599895,181.36071215053198,0.5719897635486055,Vertical,802.190978910869,3392.715559217675,6.672853026865656,362.6917938886432,0.041262969656874635,0.8033454727507429
Well_03,2017-07-19,31,60.589647333017986,86.58507752511176,147.17472485812974,0.5883148591483771,Vertical,802.190978910869,3392.715559217675,6.672853026865656,362.6917938886432,0.041262969656874635,0.8033454727507429
Well_03,2017-08-18,32,53.35401064401472,81.59642576143256,134.95043640544728,0.6046399547481487,Vertical,802.190978910869,3392.715559217675,6.672853026865656,362.6917938886432,0.041262969656874635,0.8033454727507429
Well_03,2017-09-17,33,51.21626919133578,83.90654530993316,135.12281450126895,0.6209650503479203,Vertical,802.190978910869,3392.715559217675,6.672853026865656,362.6917938886432,0.041262969656874635,0.8033454727507429
Well_03,2017-10-17,34,45.81184207364218,80.49253472179893,126.30437679544112,0.6372901459476918,Vertical,802.190978910869,3392.715559217675,6.672853026865656,362.6917938886432,0.041262969656874635,0.8033454727507429
Well_03,2017-11-16,35,44.384175696165734,83.75129970538099,128.13547540154673,0.6536152415474632,Vertical,802.190978910869,3392.715559217675,6.672853026865656,362.6917938886432,0.041262969656874635,0.8033454727507429
Well_04,2015-01-01,0,1101.5180210247656,227.21261758905752,1328.7306386138232,0.1709997579540225,Horizontal,1063.4133288035646,2563.761142445969,-1.076339967429511,1196.1561451379253,0.04531195057745552,1.4109154732926796
Well_04,2015-01-31,1,982.9860354977138,230.08611956329747,1213.0721550610112,0.18967224546649109,Horizontal,1063.4133288035646,2563.761142445969,-1.076339967429511,1196.1561451379253,0.04531195057745552,1.4109154732926796
Well_04,2015-03-02,2,950.1061797678111,250.04522368714692,1200.151403454958,0.20834473297895967,Horizontal,1063.4133288035646,2563.761142445969,-1.076339967429511,1196.1561451379253,0.04531195057745552,1.4109154732926796
Well_04,2015-04-01,3,726.7918971149705,213.45142574020701,940.2433228551776,0.22701722049142825,Horizontal,1063.4133288035646,2563.761142445969,-1.076339967429511,1196.1561451379253,0.04531195057745552,1.4109154732926796
Well_04,2015-05-01,4,775.3433608226854,252.5404809460955,1027.883841768781,0.24568970800389683,Horizontal,1063.4133288035646,2563.761142445969,-1.076339967429511,1196.1561451379253,0.04531195057745552,1.4109154732926796
Well_04,2015-05-31,5,719.0741478156165,258.40980343449013,977.4839512501067,0.2643621955163655,Horizontal,1063.4133288035646,2563.761142445969,-1.076339967429511,1196.1561451379253,0.04531195057745552,1.4109154732926796
Well_04,2015-06-30,6,584.429071442181,230.71366643963606,815.1427378818171,0.28303468302883406,Horizontal,1063.4133288035646,2563.761142445969,-1.076339967429511,1196.1561451379253,0.04531195057745552,1.4109154732926796
Well_04,2015-07-30,7,713.6780151825374,308.35455492958346,1022.0325701121208,0.30170717054130264,Horizontal,1063.4133288035646,2563.761142445969,-1.076339967429511,1196.1561451379253,0.04531195057745552,1.4109154732926796
Well_04,2015-08-29,8,557.0223917425667,262.5857885355893,819.6081802781559,0.3203796580537712,Horizontal,1063.4133288035646,2563.761142445969,-1.076339967429511,1196.1561451379253,0.04531195057745552,1.4109154732926796
Well_04,2015-09-28,9,537.9494928225246,275.95661068300933,813.9061035055339,0.3390521455662398,Horizontal,1063.4133288035646,2563.761142445969,-1.076339967429511,1196.1561451379253,0.04531195057745552,1.4109154732926796
Well_04,2015-10-28,10,486.3678646123066,270.8896757845511,757.2575403968577,0.3577246330787084,Horizontal,1063.4133288035646,2563.761142445969,-1.076339967429511,1196.1561451379253,0.04531195057745552,1.4109154732926796
Well_04,2015-11-27,11,547.2781085292415,330.32866109963265,877.6067696288742,0.376397120591177,Horizontal,1063.4133288035646,2563.761142445969,-1.076339967429511,1196.1561451379253,0.04531195057745552,1.4109154732926796
Well_04,2015-12-27,12,409.565520766768,267.4801794547887,677.0457002215567,0.39506960810364555,Horizontal,1063.4133288035646,2563.761142445969,-1.076339967429511,1196.1561451379253,0.04531195057745552,1.4109154732926796
Well_04,2016-01-26,13,484.96817434249465,342.258496233761,827.2266705762556,0.4137420956161142,Horizontal,1063.4133288035646,2563.761142445969,-1.076339967429511,1196.1561451379253,0.04531195057745552,1.4109154732926796
Well_04,2016-02-25,14,476.65177830152385,363.13684933600797,839.7886276375318,0.4324145831285828,Horizontal,1063.4133288035646,2563.761142445969,-1.076339967429511,1196.1561451379253,0.04531195057745552,1.4109154732926796
Well_04,2016-03-26,15,429.5741637231895,353.0165546715664,782.5907183947559,0.45108707064105136,Horizontal,1063.4133288035646,2563.761142445969,-1.076339967429511,1196.1561451379253,0.04531195057745552,1.4109154732926796
Well_04,2016-04-25,16,412.3768148443301,365.33982519220086,777.716640036531,0.4697595581535199,Horizontal,1063.4133288035646,2563.761142445969,-1.076339967429511,1196.1561451379253,0.04531195057745552,1.4109154732926796
Well_04,2016-05-25,17,390.8816003653763,373.2037905466647,764.085390912041,0.4884320456659885,Horizontal,1063.4133288035646,2563.761142445969,-1.076339967429511,1196.1561451379253,0.04531195057745552,1.4109154732926796
Well_04,2016-06-24,18,310.0920051426792,319.03125935459957,629.1232644972788,0.5071045331784572,Horizontal,1063.4133288035646,2563.761142445969,-1.076339967429511,1196.1561451379253,0.04531195057745552,1.4109154732926796
Well_04,2016-07-24,19,369.1917123209321,409.3275253145596,778.5192376354917,0.5257770206909257,Horizontal,1063.4133288035646,2563.761142445969,-1.076339967429511,1196.1561451379253,0.04531195057745552,1.4109154732926796
Well_04,2016-08-23,20,289.9779507067562,346.56608980813286,636.544040514889,0.5444495082033943,Horizontal,1063.4133288035646,2563.761142445969,-1.076339967429511,1196.1561451379253,0.04531195057745552,1.4109154732926796
Well_04,2016-09-22,21,283.9446249141726,365.9956836610799,649.9403085752525,0.5631219957158629,Horizontal,1063.4133288035646,2563.761142445969,-1.076339967429511,1196.1561451379253,0.04531195057745552,1.4109154732926796
Well_04,2016-10-22,22,259.52314066352864,361.040506289084,620.5636469526127,0.5817944832283315,Horizontal,1063.4133288035646,2563.761142445969,-1.076339967429511,1196.1561451379253,0.04531195057745552,1.4109154732926796
Well_04,2016-11-21,23,264.11903979711093,396.95030980542657,661.0693496025375,0.6004669707408,Horizontal,1063.4133288035646,2563.761142445969,-1.076339967429511,1196.1561451379253,0.04531195057745552,1.4109154732926796
Well_04,2016-12-21,24,222.99262232227298,362.5041616175054,585.4967839397784,0.6191394582532685,Horizontal,1063.4133288035646,2563.761142445969,-1.076339967429511,1196.1561451379253,0.04531195057745552,1.4109154732926796
Well_04,2017-01-20,25,221.66920191676238,390.3587192840484,612.0279212008107,0.6378119457657372,Horizontal,1063.4133288035646,2563.761142445969,-1.076339967429511,1196.1561451379253,0.04531195057745552,1.4109154732926796
Well_04,2017-02-19,26,179.91776282048602,343.8365593997862,523.7543222202722,0.6564844332782058,Horizontal,1063.4133288035646,2563.761142445969,-1.076339967429511,1196.1561451379253,0.04531195057745552,1.4109154732926796
Well_04,2017-03-21,27,213.11182764962706,442.93363334140116,656.0454609910282,0.6751569207906745,Horizontal,1063.4133288035646,2563.761142445969,-1.076339967429511,1196.1561451379253,0.04531195057745552,1.4109154732926796
Well_04,2017-04-20,28,188.84744129573085,427.95719774259624,616.8046390383271,0.6938294083031431,Horizontal,1063.4133288035646,2563.761142445969,-1.076339967429511,1196.1561451379253,0.04531195057745552,1.4109154732926796
Well_04,2017-05-20,29,158.75692095965692,393.4447062825085,552.2016272421654,0.7125018958156115,Horizontal,1063.4133288035646,2563.761142445969,-1.076339967429511,1196.1561451379253,0.04531195057745552,1.4109154732926796
Well_04,2017-06-19,30,143.47057480520846,390.22326204480726,533.6938368500157,0.7311743833280802,Horizontal,1063.4133288035646,2563.761142445969,-1.076339967429511,1196.1561451379253,0.04531195057745552,1.4109154732926796
Well_04,2017-07-19,31,146.8336913324725,440.14154190108263,586.9752332335552,0.7498468708405488,Horizontal,1063.4133288035646,2563.761142445969,-1.076339967429511,1196.1561451379253,0.04531195057745552,1.4109154732926796
Well_04,2017-08-18,32,116.84670673120577,387.93289773093176,504.7796044621375,0.7685193583530172,Horizontal,1063.4133288035646,2563.761142445969,-1.076339967429511,1196.1561451379253,0.04531195057745552,1.4109154732926796
Well_04,2017-09-17,33,115.33589175613227,426.63531336615586,541.9712051222881,0.7871918458654859,Horizontal,1063.4133288035646,2563.761142445969,-1.076339967429511,1196.1561451379253,0.04531195057745552,1.4109154732926796
Well_04,2017-10-17,34,114.32087279114485,474.55017177436156,588.8710445655064,0.8058643333779545,Horizontal,1063.4133288035646,2563.761142445969,-1.076339967429511,1196.1561451379253,0.04531195057745552,1.4109154732926796
Well_04,2017-11-16,35,83.86961771407142,394.12022687716785,477.98984459123926,0.8245368208904231,Horizontal,1063.4133288035646,2563.761142445969,-1.076339967429511,1196.1561451379253,0.04531195057745552,1.4109154732926796
Well_05,2015-01-01,0,556.4500240375614,94.66651692784271,651.1165409654042,0.14539104902400665,Horizontal,558.843321988049,2121.052480579099,2.9342982159350317,630.080669828947,0.030897035566482205,1.1802134135707432
Well_05,2015-01-31,1,585.6127152173935,113.12593410497139,698.738649322365,0.161900210063778,Horizontal,558.843321988049,2121.052480579099,2.9342982159350317,630.080669828947,0.030897035566482205,1.1802134135707432
Well_05,2015-03-02,2,540.4522133273393,117.35983359591658,657.8120469232559,0.17840937110354935,Horizontal,558.843321988049,2121.052480579099,2.9342982159350317,630.080669828947,0.030897035566482205,1.1802134135707432
Well_05,2015-04-01,3,403.5924257011004,97.71389150374173,501.3063172048421,0.19491853214332067,Horizontal,558.843321988049,2121.052480579099,2.9342982159350317,630.080669828947,0.030897035566482205,1.1802134135707432
Well_05,2015-05-01,4,470.2667614363917,126.08535157989637,596.3521130162881,0.211427693183092,Horizontal,558.843321988049,2121.052480579099,2.9342982159350317,630.080669828947,0.030897035566482205,1.1802134135707432
Well_05,2015-05-31,5,478.1978051944147,141.1787416721949,619.3765468666096,0.22793685422286336,Horizontal,558.843321988049,2121.052480579099,2.9342982159350317,630.080669828947,0.030897035566482205,1.1802134135707432
Well_05,2015-06-30,6,418.1534552817977,135.28609202884235,553.43954731064,0.2444460152626347,Horizontal,558.843321988049,2121.052480579099,2.9342982159350317,630.080669828947,0.030897035566482205,1.1802134135707432
Well_05,2015-07-30,7,425.9716099197456,150.40968152685656,576.3812914466022,0.26095517630240606,Horizontal,558.843321988049,2121.052480579099,2.9342982159350317,630.080669828947,0.030897035566482205,1.1802134135707432
Well_05,2015-08-29,8,440.2373319548381,169.0576201246762,609.2949520795144,0.2774643373421774,Horizontal,558.843321988049,2121.052480579099,2.9342982159350317,630.080669828947,0.030897035566482205,1.1802134135707432
Well_05,2015-09-28,9,385.57347936871724,160.54409339246243,546.1175727611796,0.29397349838194875,Horizontal,558.843321988049,2121.052480579099,2.9342982159350317,630.080669828947,0.030897035566482205,1.1802134135707432
Well_05,2015-10-28,10,342.16181246472127,154.0719909922871,496.2338034570084,0.3104826594217201,Horizontal,558.843321988049,2121.052480579099,2.9342982159350317,630.080669828947,0.030897035566482205,1.1802134135707432
Well_05,2015-11-27,11,351.94722295564765,170.9992042289119,522.9464271845595,0.32699182046149144,Horizontal,558.843321988049,2121.052480579099,2.9342982159350317,630.080669828947,0.030897035566482205,1.1802134135707432
Well_05,2015-12-27,12,308.54242539341266,161.43912324466214,469.9815486380748,0.34350098150126274,Horizontal,558.843321988049,2121.052480579099,2.9342982159350317,630.080669828947,0.030897035566482205,1.1802134135707432
Well_05,2016-01-26,13,290.95505256252613,163.66942182796257,454.6244743904887,0.36001014254103414,Horizontal,558.843321988049,2121.052480579099,2.9342982159350317,630.080669828947,0.030897035566482205,1.1802134135707432
Well_05,2016-02-25,14,267.24542982615935,161.38921974842515,428.6346495745845,0.3765193035808055,Horizontal,558.843321988049,2121.052480579099,2.9342982159350317,630.080669828947,0.030897035566482205,1.1802134135707432
Well_05,2016-03-26,15,305.56257618282643,197.85901506496845,503.4215912477949,0.39302846462057683,Horizontal,558.843321988049,2121.052480579099,2.9342982159350317,630.080669828947,0.030897035566482205,1.1802134135707432
Well_05,2016-04-25,16,231.40978585480886,160.50305383054413,391.912839685353,0.4095376256603481,Horizontal,558.843321988049,2121.052480579099,2.9342982159350317,630.080669828947,0.030897035566482205,1.1802134135707432
Well_05,2016-05-25,17,277.13370571190444,205.71698540724597,482.8506911191504,0.42604678670011953,Horizontal,558.843321988049,2121.052480579099,2.9342982159350317,630.080669828947,0.030897035566482205,1.1802134135707432
Well_05,2016-06-24,18,240.48486516990243,190.92141532565068,431.4062804955531,0.4425559477398908,Horizontal,558.843321988049,2121.052480579099,2.9342982159350317,630.080669828947,0.030897035566482205,1.1802134135707432
Well_05,2016-07-24,19,187.6584241257787,159.25656910459924,346.91499323037795,0.4590651087796622,Horizontal,558.843321988049,2121.052480579099,2.9342982159350317,630.080669828947,0.030897035566482205,1.1802134135707432
Well_05,2016-08-23,20,215.38301622573232,195.319593944774,410.7026101705063,0.4755742698194335,Horizontal,558.843321988049,2121.052480579099,2.9342982159350317,630.080669828947,0.030897035566482205,1.1802134135707432
Well_05,2016-09-22,21,156.16597570885824,151.29785830827706,307.4638340171353,0.4920834308592049,Horizontal,558.843321988049,2121.052480579099,2.9342982159350317,630.080669828947,0.030897035566482205,1.1802134135707432
Well_05,2016-10-22,22,199.7275670880772,206.71231109751398,406.43987818559117,0.5085925918989762,Horizontal,558.843321988049,2121.052480579099,2.9342982159350317,630.080669828947,0.030897035566482205,1.1802134135707432
Well_05,2016-11-21,23,194.40781821345078,214.95949239777585,409.3673106112266,0.5251017529387475,Horizontal,558.843321988049,2121.052480579099,2.9342982159350317,630.080669828947,0.030897035566482205,1.1802134135707432
Well_05,2016-12-21,24,159.50131796000673,188.45923089244164,347.96054885244837,0.5416109139785189,Horizontal,558.843321988049,2121.052480579099,2.9342982159350317,630.080669828947,0.030897035566482205,1.1802134135707432
Well_05,2017-01-20,25,162.7792177678202,205.59963034246206,368.37884811028226,0.5581200750182902,Horizontal,558.843321988049,2121.052480579099,2.9342982159350317,630.080669828947,0.030897035566482205,1.1802134135707432
Well_05,2017-02-19,26,182.09386077358056,245.9888289865359,428.08268976011647,0.5746292360580616,Horizontal,558.843321988049,2121.052480579099,2.9342982159350317,630.080669828947,0.030897035566482205,1.1802134135707432
Well_05,2017-03-21,27,136.84266839323718,197.84923571784927,334.69190411108644,0.591138397097833,Horizontal,558.843321988049,2121.052480579099,2.9342982159350317,630.080669828947,0.030897035566482205,1.1802134135707432
Well_05,2017-04-20,28,121.77308046947275,188.59348661864675,310.3665670881195,0.6076475581376043,Horizontal,558.843321988049,2121.052480579099,2.9342982159350317,630.080669828947,0.030897035566482205,1.1802134135707432
Well_05,2017-05-20,29,147.5420181864074,245.02058892865358,392.562607115061,0.6241567191773757,Horizontal,558.843321988049,2121.052480579099,2.9342982159350317,630.080669828947,0.030897035566482205,1.1802134135707432
Well_05,2017-06-19,30,144.7981670897475,258.16431022036596,402.96247731011346,0.640665880217147,Horizontal,558.843321988049,2121.052480579099,2.9342982159350317,630.080669828947,0.030897035566482205,1.1802134135707432
Well_05,2017-07-19,31,113.84642055133004,218.23681215358025,332.0832327049103,0.6571750412569184,Horizontal,558.843321988049,2121.052480579099,2.9342982159350317,630.080669828947,0.030897035566482205,1.1802134135707432
Well_05,2017-08-18,32,117.57755094218815,242.74074124509625,360.3182921872844,0.6736842022966897,Horizontal,558.843321988049,2121.052480579099,2.9342982159350317,630.080669828947,0.030897035566482205,1.1802134135707432
Well_05,2017-09-17,33,113.36020163151969,252.54610319252086,365.90630482404055,0.690193363336461,Horizontal,558.843321988049,2121.052480579099,2.9342982159350317,630.080669828947,0.030897035566482205,1.1802134135707432
Well_05,2017-10-17,34,86.3898935177058,208.15711318249478,294.5470067002006,0.7067025243762324,Horizontal,558.843321988049,2121.052480579099,2.9342982159350317,630.080669828947,0.030897035566482205,1.1802134135707432
Well_05,2017-11-16,35,82.65328509381457,215.96222986403228,298.61551495784687,0.7232116854160037,Horizontal,558.843321988049,2121.052480579099,2.9342982159350317,630.080669828947,0.030897035566482205,1.1802134135707432
Well_06,2015-01-01,0,420.3411513445316,37.35683612637513,457.69798747090675,0.08161896523250431,Vertical,1439.7643765840703,3365.5159752009695,6.013127099237835,434.9468319080603,0.025091852857307695,0.8076579471987347
Well_06,2015-01-31,1,434.691074114397,46.049765681299654,480.7408397956967,0.09578916927646444,Vertical,1439.7643765840703,3365.5159752009695,6.013127099237835,434.9468319080603,0.025091852857307695,0.8076579471987347
Well_06,2015-03-02,2,399.73478064588267,49.384920931281016,449.1197015771637,0.10995937332042456,Vertical,1439.7643765840703,3365.5159752009695,6.013127099237835,434.9468319080603,0.025091852857307695,0.8076579471987347
Well_06,2015-04-01,3,371.8083705850096,52.693200624789625,424.5015712097992,0.12412957736438468,Vertical,1439.7643765840703,3365.5159752009695,6.013127099237835,434.9468319080603,0.025091852857307695,0.8076579471987347
Well_06,2015-05-01,4,306.95450938306135,49.26509316588703,356.2196025489484,0.1382997814083448,Vertical,1439.7643765840703,3365.5159752009695,6.013127099237835,434.9468319080603,0.025091852857307695,0.8076579471987347
Well_06,2015-05-31,5,427.2676780867847,76.86512046054044,504.13279854732514,0.15246998545230495,Vertical,1439.7643765840703,3365.5159752009695,6.013127099237835,434.9468319080603,0.025091852857307695,0.8076579471987347
Well_06,2015-06-30,6,279.7689718274963,55.94312791773425,335.71209974523055,0.16664018949626508,Vertical,1439.7643765840703,3365.5159752009695,6.013127099237835,434.9468319080603,0.025091852857307695,0.8076579471987347
Well_06,2015-07-30,7,292.885200007394,64.6452150489349,357.53041505632893,0.1808103935402252,Vertical,1439.7643765840703,3365.5159752009695,6.013127099237835,434.9468319080603,0.025091852857307695,0.8076579471987347
Well_06,2015-08-29,8,242.59971953882223,58.75912822409516,301.3588477629174,0.19498059758418532,Vertical,1439.7643765840703,3365.5159752009695,6.013127099237835,434.9468319080603,0.025091852857307695,0.8076579471987347
Well_06,2015-09-28,9,294.5995280213638,77.91084263825738,372.51037065962123,0.20915080162814545,Vertical,1439.7643765840703,3365.5159752009695,6.013127099237835,434.9468319080603,0.025091852857307695,0.8076579471987347
Well_06,2015-10-28,10,272.8752809256373,78.46070590863027,351.3359868342676,0.22332100567210558,Vertical,1439.7643765840703,3365.5159752009695,6.013127099237835,434.9468319080603,0.025091852857307695,0.8076579471987347
Well_06,2015-11-27,11,278.2874575434994,86.67549250967167,364.9629500531711,0.23749120971606572,Vertical,1439.7643765840703,3365.5159752009695,6.013127099237835,434.9468319080603,0.025091852857307695,0.8076579471987347
Well_06,2015-12-27,12,205.3586957163194,69.06079766854504,274.41949338486444,0.2516614137600258,Vertical,1439.7643765840703,3365.5159752009695,6.013127099237835,434.9468319080603,0.025091852857307695,0.8076579471987347
Well_06,2016-01-26,13,265.6526762888544,96.1889430604359,361.84161934929034,0.26583161780398595,Vertical,1439.7643765840703,3365.5159752009695,6.013127099237835,434.9468319080603,0.025091852857307695,0.8076579471987347
Well_06,2016-02-25,14,211.30143376042753,82.17352238842471,293.47495614885224,0.2800018218479461,Vertical,1439.7643765840703,3365.5159752009695,6.013127099237835,434.9468319080603,0.025091852857307695,0.8076579471987347
Well_06,2016-03-26,15,217.71622967448423,90.7388580536513,308.45508772813554,0.2941720258919062,Vertical,1439.7643765840703,3365.5159752009695,6.013127099237835,434.9468319080603,0.025091852857307695,0.8076579471987347
Well_06,2016-04-25,16,232.26998063990402,103.54635901947245,335.81633965937647,0.30834222993586635,Vertical,1439.7643765840703,3365.5159752009695,6.013127099237835,434.9468319080603,0.025091852857307695,0.8076579471987347
Well_06,2016-05-25,17,209.5824287264952,99.77000700552009,309.3524357320153,0.32251243397982643,Vertical,1439.7643765840703,3365.5159752009695,6.013127099237835,434.9468319080603,0.025091852857307695,0.8076579471987347
Well_06,2016-06-24,18,202.82030119341223,102.94630890880515,305.7666101022174,0.3366826380237866,Vertical,1439.7643765840703,3365.5159752009695,6.013127099237835,434.9468319080603,0.025091852857307695,0.8076579471987347
Well_06,2016-07-24,19,203.7117385289543,110.10268095929091,313.8144194882452,0.3508528420677467,Vertical,1439.7643765840703,3365.5159752009695,6.013127099237835,434.9468319080603,0.025091852857307695,0.8076579471987347
Well_06,2016-08-23,20,189.0006480927739,108.64897042554387,297.64961851831777,0.3650230461117069,Vertical,1439.7643765840703,3365.5159752009695,6.013127099237835,434.9468319080603,0.025091852857307695,0.8076579471987347
Well_06,2016-09-22,21,168.13424549920725,102.69761246845631,270.83185796766355,0.37919325015566696,Vertical,1439.7643765840703,3365.5159752009695,6.013127099237835,434.9468319080603,0.025091852857307695,0.8076579471987347
Well_06,2016-10-22,22,164.36911658930055,106.5824403638637,270.95155695316424,0.39336345419962715,Vertical,1439.7643765840703,3365.5159752009695,6.013127099237835,434.9468319080603,0.025091852857307695,0.8076579471987347
Well_06,2016-11-21,23,163.8577086191492,112.71109718571766,276.5688058048669,0.4075336582435872,Vertical,1439.7643765840703,3365.5159752009695,6.013127099237835,434.9468319080603,0.025091852857307695,0.8076579471987347
Well_06,2016-12-21,24,140.19076243539448,102.22960542309154,242.42036785848603,0.4217038622875473,Vertical,1439.7643765840703,3365.5159752009695,6.013127099237835,434.9468319080603,0.025091852857307695,0.8076579471987347
Well_06,2017-01-20,25,162.42202520861355,125.4960007406429,287.91802594925645,0.4358740663315075,Vertical,1439.7643765840703,3365.5159752009695,6.013127099237835,434.9468319080603,0.025091852857307695,0.8076579471987347
Well_06,2017-02-19,26,145.72547221083818,119.25126020783914,264.97673241867733,0.45004427037546757,Vertical,1439.7643765840703,3365.5159752009695,6.013127099237835,434.9468319080603,0.025091852857307695,0.8076579471987347
Well_06,2017-03-21,27,136.76837804125893,118.49864861657767,255.2670266578366,0.46421447441942776,Vertical,1439.7643765840703,3365.5159752009695,6.013127099237835,434.9468319080603,0.025091852857307695,0.8076579471987347
Well_06,2017-04-20,28,145.55898280444566,133.4952872573452,279.0542700617909,0.47838467846338784,Vertical,1439.7643765840703,3365.5159752009695,6.013127099237835,434.9468319080603,0.025091852857307695,0.8076579471987347
Well_06,2017-05-20,29,123.02546588054355,119.4154634724224,242.44092935296595,0.492554882507348,Vertical,1439.7643765840703,3365.5159752009695,6.013127099237835,434.9468319080603,0.025091852857307695,0.8076579471987347
Well_06,2017-06-19,30,116.98423164197591,120.17405160435838,237.1582832463343,0.5067250865513081,Vertical,1439.7643765840703,3365.5159752009695,6.013127099237835,434.9468319080603,0.025091852857307695,0.8076579471987347
Well_06,2017-07-19,31,108.43148139108335,117.88956964973214,226.3210510408155,0.5208952905952683,Vertical,1439.7643765840703,3365.5159752009695,6.013127099237835,434.9468319080603,0.025091852857307695,0.8076579471987347
Well_06,2017-08-18,32,112.63904492703652,129.6295835104955,242.26862843753202,0.5350654946392284,Vertical,1439.7643765840703,3365.5159752009695,6.013127099237835,434.9468319080603,0.025091852857307695,0.8076579471987347
Well_06,2017-09-17,33,107.20637911451804,130.62607301475998,237.832452129278,0.5492356986831884,Vertical,1439.7643765840703,3365.5159752009695,6.013127099237835,434.9468319080603,0.025091852857307695,0.8076579471987347
Well_06,2017-10-17,34,92.62311428780671,119.52614486702217,212.14925915482888,0.5634059027271486,Vertical,1439.7643765840703,3365.5159752009695,6.013127099237835,434.9468319080603,0.025091852857307695,0.8076579471987347
Well_06,2017-11-16,35,92.92562801727708,127.0563131247812,219.98194114205828,0.5775761067711087,Vertical,1439.7643765840703,3365.5159752009695,6.013127099237835,434.9468319080603,0.025091852857307695,0.8076579471987347
Well_07,2015-01-01,0,136.42781663888863,21.500912489676647,157.92872912856527,0.13614313626353167,Vertical,610.2681181619209,2302.9343204532834,0.009893069129292442,158.91022542083635,0.04919230393736895,1.1037170027673895
Well_07,2015-01-31,1,134.3472498492688,24.39255190744606,158.73980175671485,0.15366374178059114,Vertical,610.2681181619209,2302.9343204532834,0.009893069129292442,158.91022542083635,0.04919230393736895,1.1037170027673895
Well_07,2015-03-02,2,130.45370118356584,26.94402744067307,157.3977286242389,0.17118434729765059,Vertical,610.2681181619209,2302.9343204532834,0.009893069129292442,158.91022542083635,0.04919230393736895,1.1037170027673895
Well_07,2015-04-01,3,105.14184052835465,24.45569725168498,129.59753778003963,0.18870495281471006,Vertical,610.2681181619209,2302.9343204532834,0.009893069129292442,158.91022542083635,0.04919230393736895,1.1037170027673895
Well_07,2015-05-01,4,92.86252079431934,24.126028999694533,116.98854979401386,0.20622555833176953,Vertical,610.2681181619209,2302.9343204532834,0.009893069129292442,158.91022542083635,0.04919230393736895,1.1037170027673895
Well_07,2015-05-31,5,88.89135217850294,25.62190113982508,114.51325331832803,0.223746163848829,Vertical,610.2681181619209,2302.9343204532834,0.009893069129292442,158.91022542083635,0.04919230393736895,1.1037170027673895
Well_07,2015-06-30,6,88.83630973186031,28.248729047336617,117.08503877919694,0.24126676936588848,Vertical,610.2681181619209,2302.9343204532834,0.009893069129292442,158.91022542083635,0.04919230393736895,1.1037170027673895
Well_07,2015-07-30,7,84.87575102330406,29.633565395720115,114.50931641902417,0.25878737488294795,Vertical,610.2681181619209,2302.9343204532834,0.009893069129292442,158.91022542083635,0.04919230393736895,1.1037170027673895
Well_07,2015-08-29,8,76.55472010290669,29.22884255848744,105.78356266139413,0.27630798040000737,Vertical,610.2681181619209,2302.9343204532834,0.009893069129292442,158.91022542083635,0.04919230393736895,1.1037170027673895
Well_07,2015-09-28,9,68.1114329644834,28.34026644752984,96.45169941201324,0.29382858591706684,Vertical,610.2681181619209,2302.9343204532834,0.009893069129292442,158.91022542083635,0.04919230393736895,1.1037170027673895
Well_07,2015-10-28,10,70.5058424641328,31.876731675237405,102.3825741393702,0.3113491914341263,Vertical,610.2681181619209,2302.9343204532834,0.009893069129292442,158.91022542083635,0.04919230393736895,1.1037170027673895
Well_07,2015-11-27,11,71.0408837089501,34.81172638999219,105.85261009894229,0.3288697969511858,Vertical,610.2681181619209,2302.9343204532834,0.009893069129292442,158.91022542083635,0.04919230393736895,1.1037170027673895
Well_07,2015-12-27,12,69.84901441568583,37.01755345519417,106.86656787088,0.34639040246824526,Vertical,610.2681181619209,2302.9343204532834,0.009893069129292442,158.91022542083635,0.04919230393736895,1.1037170027673895
Well_07,2016-01-26,13,58.83291404904874,33.65872593784408,92.49163998689282,0.36391100798530474,Vertical,610.2681181619209,2302.9343204532834,0.009893069129292442,158.91022542083635,0.04919230393736895,1.1037170027673895
Well_07,2016-02-25,14,56.46165154620346,34.81629407577065,91.27794562197411,0.3814316135023642,Vertical,610.2681181619209,2302.9343204532834,0.009893069129292442,158.91022542083635,0.04919230393736895,1.1037170027673895
Well_07,2016-03-26,15,50.512987567075676,33.52856314735592,84.0415507144316,0.3989522190194237,Vertical,610.2681181619209,2302.9343204532834,0.009893069129292442,158.91022542083635,0.04919230393736895,1.1037170027673895
Well_07,2016-04-25,16,52.459050874189735,37.44087680701826,89.899927681208,0.41647282453648315,Vertical,610.2681181619209,2302.9343204532834,0.009893069129292442,158.91022542083635,0.04919230393736895,1.1037170027673895
Well_07,2016-05-25,17,45.517091123827726,34.900864321695664,80.41795544552339,0.43399343005354263,Vertical,610.2681181619209,2302.9343204532834,0.009893069129292442,158.91022542083635,0.04919230393736895,1.1037170027673895
Well_07,2016-06-24,18,49.69018710399879,40.90499732463575,90.59518442863454,0.4515140355706021,Vertical,610.2681181619209,2302.9343204532834,0.009893069129292442,158.91022542083635,0.04919230393736895,1.1037170027673895
Well_07,2016-07-24,19,36.46453211580792,32.2113833723589,68.67591548816682,0.4690346410876616,Vertical,610.2681181619209,2302.9343204532834,0.009893069129292442,158.91022542083635,0.04919230393736895,1.1037170027673895
Well_07,2016-08-23,20,40.406603290739426,38.290477599737855,78.69708089047728,0.48655524660472105,Vertical,610.2681181619209,2302.9343204532834,0.009893069129292442,158.91022542083635,0.04919230393736895,1.1037170027673895
Well_07,2016-09-22,21,40.742996560208596,41.412705545698046,82.15570210590664,0.5040758521217805,Vertical,610.2681181619209,2302.9343204532834,0.009893069129292442,158.91022542083635,0.04919230393736895,1.1037170027673895
Well_07,2016-10-22,22,37.98409076919836,41.41350436926557,79.39759513846393,0.52159645763884,Vertical,610.2681181619209,2302.9343204532834,0.009893069129292442,158.91022542083635,0.04919230393736895,1.1037170027673895
Well_07,2016-11-21,23,44.61030899385316,52.18283613606331,96.79314512991647,0.5391170631558994,Vertical,610.2681181619209,2302.9343204532834,0.009893069129292442,158.91022542083635,0.04919230393736895,1.1037170027673895
Well_07,2016-12-21,24,34.243844596298985,42.99285815605866,77.23670275235764,0.5566376686729588,Vertical,610.2681181619209,2302.9343204532834,0.009893069129292442,158.91022542083635,0.04919230393736895,1.1037170027673895
Well_07,2017-01-20,25,27.99098208458232,37.739970022897175,65.7309521074795,0.5741582741900183,Vertical,610.2681181619209,2302.9343204532834,0.009893069129292442,158.91022542083635,0.04919230393736895,1.1037170027673895
Well_07,2017-02-19,26,28.94671004184401,41.94531244545266,70.89202248729667,0.5916788797070778,Vertical,610.2681181619209,2302.9343204532834,0.009893069129292442,158.91022542083635,0.04919230393736895,1.1037170027673895
Well_07,2017-03-21,27,22.54384973832392,35.14248609276775,57.68633583109167,0.6091994852241372,Vertical,610.2681181619209,2302.9343204532834,0.009893069129292442,158.91022542083635,0.04919230393736895,1.1037170027673895
Well_07,2017-04-20,28,25.465564496912435,42.755531429406474,68.22109592631891,0.6267200907411967,Vertical,610.2681181619209,2302.9343204532834,0.009893069129292442,158.91022542083635,0.04919230393736895,1.1037170027673895
Well_07,2017-05-20,29,22.0002289003072,39.83997786004171,61.840206760348906,0.6442406962582563,Vertical,610.2681181619209,2302.9343204532834,0.009893069129292442,158.91022542083635,0.04919230393736895,1.1037170027673895
Well_07,2017-06-19,30,24.439765747968938,47.81620577819322,72.25597152616216,0.6617613017753158,Vertical,610.2681181619209,2302.9343204532834,0.009893069129292442,158.91022542083635,0.04919230393736895,1.1037170027673895
Well_07,2017-07-19,31,19.69549378151081,41.71511643768176,61.41061021919256,0.6792819072923753,Vertical,610.2681181619209,2302.9343204532834,0.009893069129292442,158.91022542083635,0.04919230393736895,1.1037170027673895
Well_07,2017-08-18,32,19.121955898818015,43.94570365206574,63.067659550883754,0.6968025128094346,Vertical,610.2681181619209,2302.9343204532834,0.009893069129292442,158.91022542083635,0.04919230393736895,1.1037170027673895
Well_07,2017-09-17,33,16.77013739618308,41.933028565105026,58.70316596128811,0.7143231183264941,Vertical,610.2681181619209,2302.9343204532834,0.009893069129292442,158.91022542083635,0.04919230393736895,1.1037170027673895
Well_07,2017-10-17,34,19.391616831978165,52.922994296738445,72.3146111287166,0.7318437238435536,Vertical,610.2681181619209,2302.9343204532834,0.009893069129292442,158.91022542083635,0.04919230393736895,1.1037170027673895
Well_07,2017-11-16,35,14.69017607143743,43.92149733467388,58.61167340611131,0.749364329360613,Vertical,610.2681181619209,2302.9343204532834,0.009893069129292442,158.91022542083635,0.04919230393736895,1.1037170027673895
Well_08,2015-01-01,0,980.9564049803967,200.4346099891047,1181.3910149695014,0.16965983950223212,Horizontal,1738.1856499505586,2941.6264901674112,4.456272464366835,1340.1080784391997,0.06957804523860225,1.4447596555218816
Well_08,2015-01-31,1,973.5626845033571,217.94902791728646,1191.5117124206436,0.1829180742793598,Horizontal,1738.1856499505586,2941.6264901674112,4.456272464366835,1340.1080784391997,0.06957804523860225,1.4447596555218816
Well_08,2015-03-02,2,1110.4999865455968,271.02185593967954,1381.5218424852765,0.19617630905648745,Horizontal,1738.1856499505586,2941.6264901674112,4.456272464366835,1340.1080784391997,0.06957804523860225,1.4447596555218816
Well_08,2015-04-01,3,876.1727766662859,232.1134124559009,1108.286189122187,0.20943454383361512,Horizontal,1738.1856499505586,2941.6264901674112,4.456272464366835,1340.1080784391997,0.06957804523860225,1.4447596555218816
Well_08,2015-05-01,4,550.3093337905,157.659560164903,707.968893955403,0.2226927786107428,Horizontal,1738.1856499505586,2941.6264901674112,4.456272464366835,1340.1080784391997,0.06957804523860225,1.4447596555218816
Well_08,2015-05-31,5,658.9583866738013,203.49729119534868,862.45567786915,0.23595101338787045,Horizontal,1738.1856499505586,2941.6264901674112,4.456272464366835,1340.1080784391997,0.06957804523860225,1.4447596555218816
Well_08,2015-06-30,6,694.9441894105628,230.67215270880277,925.6163421193655,0.24920924816499812,Horizontal,1738.1856499505586,2941.6264901674112,4.456272464366835,1340.1080784391997,0.06957804523860225,1.4447596555218816
Well_08,2015-07-30,7,754.347963686885,268.4516366562837,1022.7996003431688,0.2624674829421258,Horizontal,1738.1856499505586,2941.6264901674112,4.456272464366835,1340.1080784391997,0.06957804523860225,1.4447596555218816
Well_08,2015-08-29,8,627.5222481061672,238.89295323177586,866.4152013379431,0.27572571771925347,Horizontal,1738.1856499505586,2941.6264901674112,4.456272464366835,1340.1080784391997,0.06957804523860225,1.4447596555218816
Well_08,2015-09-28,9,674.3260362102432,274.07173705775193,948.397773267995,0.28898395249638115,Horizontal,1738.1856499505586,2941.6264901674112,4.456272464366835,1340.1080784391997,0.06957804523860225,1.4447596555218816
Well_08,2015-10-28,10,547.2990413099286,237.06916113463538,784.368202444564,0.3022421872735088,Horizontal,1738.1856499505586,2941.6264901674112,4.456272464366835,1340.1080784391997,0.06957804523860225,1.4447596555218816
Well_08,2015-11-27,11,440.23813461196664,202.91512478205686,643.1532593940235,0.31550042205063644,Horizontal,1738.1856499505586,2941.6264901674112,4.456272464366835,1340.1080784391997,0.06957804523860225,1.4447596555218816
Well_08,2015-12-27,12,494.6071537376495,242.2472709319834,736.8544246696329,0.3287586568277641,Horizontal,1738.1856499505586,2941.6264901674112,4.456272464366835,1340.1080784391997,0.06957804523860225,1.4447596555218816
Well_08,2016-01-26,13,511.4724018887907,265.8612338276748,777.3336357164656,0.3420168916048918,Horizontal,1738.1856499505586,2941.6264901674112,4.456272464366835,1340.1080784391997,0.06957804523860225,1.4447596555218816
Well_08,2016-02-25,14,482.6827423257941,265.9819394277419,748.664681753536,0.35527512638201947,Horizontal,1738.1856499505586,2941.6264901674112,4.456272464366835,1340.1080784391997,0.06957804523860225,1.4447596555218816
Well_08,2016-03-26,15,391.6201935759629,228.555393680456,620.1755872564189,0.36853336115914714,Horizontal,1738.1856499505586,2941.6264901674112,4.456272464366835,1340.1080784391997,0.06957804523860225,1.4447596555218816
Well_08,2016-04-25,16,411.675204000284,254.24134015243558,665.9165441527196,0.38179159593627476,Horizontal,1738.1856499505586,2941.6264901674112,4.456272464366835,1340.1080784391997,0.06957804523860225,1.4447596555218816
Well_08,2016-05-25,17,515.915016393553,336.9073193733062,852.8223357668592,0.3950498307134025,Horizontal,1738.1856499505586,2941.6264901674112,4.456272464366835,1340.1080784391997,0.06957804523860225,1.4447596555218816
Well_08,2016-06-24,18,340.0632736030262,234.66701046776936,574.7302840707955,0.4083080654905301,Horizontal,1738.1856499505586,2941.6264901674112,4.456272464366835,1340.1080784391997,0.06957804523860225,1.4447596555218816
Well_08,2016-07-24,19,394.5471354044272,287.548557821945,682.0956932263722,0.4215663002676578,Horizontal,1738.1856499505586,2941.6264901674112,4.456272464366835,1340.1080784391997,0.06957804523860225,1.4447596555218816
Well_08,2016-08-23,20,279.15339118060007,214.77001577890172,493.9234069595018,0.43482453504478547,Horizontal,1738.1856499505586,2941.6264901674112,4.456272464366835,1340.1080784391997,0.06957804523860225,1.4447596555218816
Well_08,2016-09-22,21,366.29561053143664,297.3829095489099,663.6785200803465,0.44808276982191314,Horizontal,1738.1856499505586,2941.6264901674112,4.456272464366835,1340.1080784391997,0.06957804523860225,1.4447596555218816
Well_08,2016-10-22,22,293.1826653950123,251.09983596148547,544.2825013564977,0.4613410045990408,Horizontal,1738.1856499505586,2941.6264901674112,4.456272464366835,1340.1080784391997,0.06957804523860225,1.4447596555218816
Well_08,2016-11-21,23,319.7152064627678,288.80162568485946,608.5168321476273,0.47459923937616844,Horizontal,1738.1856499505586,2941.6264901674112,4.456272464366835,1340.1080784391997,0.06957804523860225,1.4447596555218816
Well_08,2016-12-21,24,255.56254793495583,243.444144611118,499.00669254607385,0.4878574741532961,Horizontal,1738.1856499505586,2941.6264901674112,4.456272464366835,1340.1080784391997,0.06957804523860225,1.4447596555218816
Well_08,2017-01-20,25,288.32922304280214,289.61886673297056,577.9480897757727,0.5011157089304238,Horizontal,1738.1856499505586,2941.6264901674112,4.456272464366835,1340.1080784391997,0.06957804523860225,1.4447596555218816
Well_08,2017-02-19,26,243.15724088905296,257.5515611580542,500.70880204710716,0.5143739437075514,Horizontal,1738.1856499505586,2941.6264901674112,4.456272464366835,1340.1080784391997,0.06957804523860225,1.4447596555218816
Well_08,2017-03-21,27,237.01123042608612,264.74020062137964,501.75143104746576,0.5276321784846791,Horizontal,1738.1856499505586,2941.6264901674112,4.456272464366835,1340.1080784391997,0.06957804523860225,1.4447596555218816
Well_08,2017-04-20,28,254.32017457565397,299.62202554808215,553.9422001237361,0.5408904132618069,Horizontal,1738.1856499505586,2941.6264901674112,4.456272464366835,1340.1080784391997,0.06957804523860225,1.4447596555218816
Well_08,2017-05-20,29,222.30389498633494,276.3015124180322,498.60540740436716,0.5541486480389345,Horizontal,1738.1856499505586,2941.6264901674112,4.456272464366835,1340.1080784391997,0.06957804523860225,1.4447596555218816
Well_08,2017-06-19,30,229.897834537929,301.5434330312376,531.4412675691666,0.5674068828160621,Horizontal,1738.1856499505586,2941.6264901674112,4.456272464366835,1340.1080784391997,0.06957804523860225,1.4447596555218816
Well_08,2017-07-19,31,207.01535511743995,286.6601386293639,493.6754937468039,0.5806651175931898,Horizontal,1738.1856499505586,2941.6264901674112,4.456272464366835,1340.1080784391997,0.06957804523860225,1.4447596555218816
Well_08,2017-08-18,32,202.34215321735113,295.9434645310376,498.28561774838874,0.5939233523703175,Horizontal,1738.1856499505586,2941.6264901674112,4.456272464366835,1340.1080784391997,0.06957804523860225,1.4447596555218816
Well_08,2017-09-17,33,199.79237984490692,308.8201833851658,508.61256323007274,0.6071815871474451,Horizontal,1738.1856499505586,2941.6264901674112,4.456272464366835,1340.1080784391997,0.06957804523860225,1.4447596555218816
Well_08,2017-10-17,34,175.5348039859144,286.93416437628207,462.4689683621965,0.6204398219245728,Horizontal,1738.1856499505586,2941.6264901674112,4.456272464366835,1340.1080784391997,0.06957804523860225,1.4447596555218816
Well_08,2017-11-16,35,155.61991335072665,269.22062107143705,424.8405344221637,0.6336980567017005,Horizontal,1738.1856499505586,2941.6264901674112,4.456272464366835,1340.1080784391997,0.06957804523860225,1.4447596555218816
Well_09,2015-01-01,0,167.48472466239434,9.512868258962316,176.99759292135667,0.05374574931755744,Vertical,1157.891330763557,4535.362554488104,7.551116645722029,170.0492560521413,0.040182938432374,0.8882017053742589
Well_09,2015-01-31,1,147.1648730133968,11.269606165647795,158.4344791790446,0.07113102036907112,Vertical,1157.891330763557,4535.362554488104,7.551116645722029,170.0492560521413,0.040182938432374,0.8882017053742589
Well_09,2015-03-02,2,131.39326974904932,12.759904369477855,144.15317411852718,0.08851629142058481,Vertical,1157.891330763557,4535.362554488104,7.551116645722029,170.0492560521413,0.040182938432374,0.8882017053742589
Well_09,2015-04-01,3,123.56642921914047,14.635835803031005,138.20226502217147,0.1059015624720985,Vertical,1157.891330763557,4535.362554488104,7.551116645722029,170.0492560521413,0.040182938432374,0.8882017053742589
Well_09,2015-05-01,4,135.14764218952132,19.004989888191638,154.15263207771295,0.1232868335236122,Vertical,1157.891330763557,4535.362554488104,7.551116645722029,170.0492560521413,0.040182938432374,0.8882017053742589
Well_09,2015-05-31,5,136.39099558383512,22.32722630793747,158.7182218917726,0.14067210457512588,Vertical,1157.891330763557,4535.362554488104,7.551116645722029,170.0492560521413,0.040182938432374,0.8882017053742589
Well_09,2015-06-30,6,107.74098262864086,20.22614899013201,127.96713161877287,0.15805737562663957,Vertical,1157.891330763557,4535.362554488104,7.551116645722029,170.0492560521413,0.040182938432374,0.8882017053742589
Well_09,2015-07-30,7,114.08201197015649,24.273448096460896,138.35546006661738,0.17544264667815326,Vertical,1157.891330763557,4535.362554488104,7.551116645722029,170.0492560521413,0.040182938432374,0.8882017053742589
Well_09,2015-08-29,8,81.85971551096603,19.55572898845124,101.41544449941726,0.19282791772966695,Vertical,1157.891330763557,4535.362554488104,7.551116645722029,170.0492560521413,0.040182938432374,0.8882017053742589
Well_09,2015-09-28,9,92.41066546531614,24.5964358848642,117.00710135018033,0.21021318878118064,Vertical,1157.891330763557,4535.362554488104,7.551116645722029,170.0492560521413,0.040182938432374,0.8882017053742589
Well_09,2015-10-28,10,92.8609681073568,27.362728089886275,120.22369619724307,0.22759845983269433,Vertical,1157.891330763557,4535.362554488104,7.551116645722029,170.0492560521413,0.040182938432374,0.8882017053742589
Well_09,2015-11-27,11,80.38620932774013,26.083296848439783,106.46950617617992,0.24498373088420805,Vertical,1157.891330763557,4535.362554488104,7.551116645722029,170.0492560521413,0.040182938432374,0.8882017053742589
Well_09,2015-12-27,12,76.10399920291087,27.069537975740957,103.17353717865183,0.2623690019357217,Vertical,1157.891330763557,4535.362554488104,7.551116645722029,170.0492560521413,0.040182938432374,0.8882017053742589
Well_09,2016-01-26,13,74.41666988690875,28.90455382316249,103.32122371007124,0.27975427298723543,Vertical,1157.891330763557,4535.362554488104,7.551116645722029,170.0492560521413,0.040182938432374,0.8882017053742589
Well_09,2016-02-25,14,77.947848851759,32.95303935535378,110.90088820711279,0.2971395440387491,Vertical,1157.891330763557,4535.362554488104,7.551116645722029,170.0492560521413,0.040182938432374,0.8882017053742589
Well_09,2016-03-26,15,70.583903400419,32.38686046423269,102.9707638646517,0.3145248150902628,Vertical,1157.891330763557,4535.362554488104,7.551116645722029,170.0492560521413,0.040182938432374,0.8882017053742589
Well_09,2016-04-25,16,53.025672311507854,26.343393455829148,79.369065767337,0.3319100861417765,Vertical,1157.891330763557,4535.362554488104,7.551116645722029,170.0492560521413,0.040182938432374,0.8882017053742589
Well_09,2016-05-25,17,51.1185333862358,27.440201289060546,78.55873467529634,0.34929535719329013,Vertical,1157.891330763557,4535.362554488104,7.551116645722029,170.0492560521413,0.040182938432374,0.8882017053742589
Well_09,2016-06-24,18,57.86257879653853,33.50140180644985,91.36398060298838,0.36668062824480385,Vertical,1157.891330763557,4535.362554488104,7.551116645722029,170.0492560521413,0.040182938432374,0.8882017053742589
Well_09,2016-07-24,19,61.15371966110557,38.13242083872981,99.28614049983537,0.38406589929631757,Vertical,1157.891330763557,4535.362554488104,7.551116645722029,170.0492560521413,0.040182938432374,0.8882017053742589
Well_09,2016-08-23,20,40.24851058635216,26.994976648835557,67.24348723518771,0.40145117034783123,Vertical,1157.891330763557,4535.362554488104,7.551116645722029,170.0492560521413,0.040182938432374,0.8882017053742589
Well_09,2016-09-22,21,50.01715343588857,36.04666232764887,86.06381576353743,0.41883644139934495,Vertical,1157.891330763557,4535.362554488104,7.551116645722029,170.0492560521413,0.040182938432374,0.8882017053742589
Well_09,2016-10-22,22,47.29774485835233,36.59648431454688,83.8942291728992,0.43622171245085867,Vertical,1157.891330763557,4535.362554488104,7.551116645722029,170.0492560521413,0.040182938432374,0.8882017053742589
Well_09,2016-11-21,23,53.888542725491135,44.737429968881884,98.62597269437302,0.4536069835023723,Vertical,1157.891330763557,4535.362554488104,7.551116645722029,170.0492560521413,0.040182938432374,0.8882017053742589
Well_09,2016-12-21,24,43.09730085265917,38.37088410995432,81.46818496261349,0.470992254553886,Vertical,1157.891330763557,4535.362554488104,7.551116645722029,170.0492560521413,0.040182938432374,0.8882017053742589
Well_09,2017-01-20,25,44.05561358789639,42.054000029111194,86.10961361700758,0.48837752560539965,Vertical,1157.891330763557,4535.362554488104,7.551116645722029,170.0492560521413,0.040182938432374,0.8882017053742589
Well_09,2017-02-19,26,40.70239483857533,41.651573181757584,82.35396802033291,0.5057627966569134,Vertical,1157.891330763557,4535.362554488104,7.551116645722029,170.0492560521413,0.040182938432374,0.8882017053742589
Well_09,2017-03-21,27,29.850446690298366,32.748537750947854,62.598984441246216,0.5231480677084271,Vertical,1157.891330763557,4535.362554488104,7.551116645722029,170.0492560521413,0.040182938432374,0.8882017053742589
Well_09,2017-04-20,28,38.566822975436985,45.37141722538323,83.93824020082022,0.5405333387599408,Vertical,1157.891330763557,4535.362554488104,7.551116645722029,170.0492560521413,0.040182938432374,0.8882017053742589
Well_09,2017-05-20,29,34.50820705691039,43.55028584231076,78.05849289922115,0.5579186098114545,Vertical,1157.891330763557,4535.362554488104,7.551116645722029,170.0492560521413,0.040182938432374,0.8882017053742589
Well_09,2017-06-19,30,33.44054073446286,45.29938465598552,78.73992539044838,0.5753038808629682,Vertical,1157.891330763557,4535.362554488104,7.551116645722029,170.0492560521413,0.040182938432374,0.8882017053742589
Well_09,2017-07-19,31,41.69344588423899,60.66927310596362,102.36271899020261,0.5926891519144819,Vertical,1157.891330763557,4535.362554488104,7.551116645722029,170.0492560521413,0.040182938432374,0.8882017053742589
Well_09,2017-08-18,32,22.262498139645405,34.83172560681057,57.09422374645598,0.6100744229659956,Vertical,1157.891330763557,4535.362554488104,7.551116645722029,170.0492560521413,0.040182938432374,0.8882017053742589
Well_09,2017-09-17,33,30.92343972238225,52.08352415721374,83.00696387959599,0.6274596940175092,Vertical,1157.891330763557,4535.362554488104,7.551116645722029,170.0492560521413,0.040182938432374,0.8882017053742589
Well_09,2017-10-17,34,23.97816485642617,43.53647663270892,67.51464148913509,0.6448449650690229,Vertical,1157.891330763557,4535.362554488104,7.551116645722029,170.0492560521413,0.040182938432374,0.8882017053742589
Well_09,2017-11-16,35,23.722846410320667,46.5109309942975,70.23377740461817,0.6622302361205367,Vertical,1157.891330763557,4535.362554488104,7.551116645722029,170.0492560521413,0.040182938432374,0.8882017053742589
